x,y,count
53,38,2
116,42,1
80,21,1
84,8,1
16,85,8
95,51,4
110,49,3
71,77,5
113,77,15
8,93,9
40,115,2
53,99,1
91,17,1
30,29,57
54,48,4
61,64,5
111,57,4
82,108,1
79,96,1
53,53,8
28,7,7
80,95,1
74,84,2
122,66,1
64,60,8
90,57,1
105,9,5
90,97,1
45,75,1
64,117,1
69,111,1
66,106,4
115,6,2
57,116,1
119,62,1
45,114,1
7,90,5
79,52,5
67,82,2
50,93,2
94,58,3
82,69,6
96,111,1
98,73,1
43,107,6
120,27,16
13,92,5
65,56,1
115,46,4
57,70,3
110,52,3
70,86,1
87,105,1
88,105,2
82,103,3
19,98,7
58,60,7
113,65,3
90,102,3
84,39,1
16,77,9
108,81,1
14,78,4
91,63,2
52,88,4
102,15,8
72,78,2
72,66,8
112,35,5
84,109,1
116,76,2
111,28,3
61,73,4
111,75,3
113,72,2
13,39,16
32,8,25
77,55,2
68,46,3
12,46,2
43,75,2
56,106,1
49,44,6
45,98,3
98,23,1
69,64,4
60,57,9
48,48,6
75,50,2
86,29,2
13,112,2
14,38,8
18,35,6
96,17,7
55,74,1
51,55,4
37,13,11
65,64,5
54,46,5
57,56,6
51,40,2
63,64,2
32,93,2
28,116,5
12,57,4
9,13,8
47,18,1
49,46,4
26,102,3
62,48,2
64,61,5
42,99,3
52,113,2
12,39,12
49,108,4
46,74,4
84,27,2
81,14,2
9,96,5
121,62,1
78,25,1
65,81,2
52,32,1
96,104,1
100,38,5
23,87,3
21,101,8
62,63,10
18,89,2
82,27,2
26,75,1
69,80,2
23,105,3
68,89,2
92,68,3
84,106,2
68,90,1
118,29,7
66,105,1
80,51,6
92,40,1
15,79,9
21,87,1
12,76,4
78,29,1
87,50,4
109,38,4
67,65,8
59,95,1
113,37,5
6,98,7
34,98,1
116,38,2
95,58,3
61,61,11
15,59,3
54,43,4
34,30,2
40,94,2
33,8,14
38,13,4
34,8,19
31,7,5
53,54,8
43,59,4
93,19,4
75,40,3
35,39,6
13,101,2
28,113,1
28,34,6
84,19,1
26,63,2
12,53,5
38,15,6
30,30,27
32,29,19
29,31,41
36,11,22
64,90,2
45,8,2
113,36,8
36,12,30
34,3,4
59,9,2
74,29,4
17,55,1
29,32,14
47,11,4
14,85,6
19,67,4
53,65,2
49,9,2
70,39,3
30,101,4
15,64,3
48,32,5
21,34,4
77,78,1
66,108,6
26,7,4
37,14,13
43,80,2
62,15,1
71,39,1
69,32,1
31,102,1
22,45,1
30,31,17
36,17,1
69,108,2
26,6,2
48,36,3
13,69,2
95,11,2
73,26,2
60,11,4
72,35,1
68,21,1
25,105,4
75,71,2
105,17,6
47,80,1
52,115,2
37,41,4
74,5,1
28,88,2
32,6,1
39,12,3
38,32,4
57,57,11
65,61,10
66,97,2
97,13,4
117,40,2
53,56,3
97,56,2
29,64,1
59,10,8
80,100,3
75,94,4
104,26,4
110,43,6
116,54,2
93,13,1
75,61,7
66,61,7
107,34,5
62,11,1
79,64,3
78,65,1
73,97,4
37,97,5
116,39,5
11,77,3
75,74,3
13,80,6
53,59,1
109,34,6
115,34,3
108,50,1
113,17,2
42,47,1
18,58,3
110,16,2
81,40,5
44,41,1
17,96,9
30,64,3
49,48,6
94,7,3
24,105,1
82,45,2
36,43,1
22,8,4
32,33,4
86,44,2
23,94,4
7,66,1
21,9,10
27,35,1
41,47,3
33,22,8
11,73,2
88,46,5
55,64,2
12,80,8
108,35,6
101,21,7
101,14,3
74,66,6
101,27,3
96,9,1
74,69,3
98,17,1
95,5,1
46,105,3
77,63,8
82,35,3
115,51,2
58,52,5
13,67,2
74,40,4
61,58,8
102,26,3
81,13,3
84,56,3
75,79,3
19,96,5
92,62,4
57,59,6
52,36,5
85,28,4
87,10,2
13,82,6
108,54,1
26,95,1
76,40,5
73,67,7
30,62,2
79,54,3
81,70,4
62,75,5
83,28,1
15,49,3
86,104,13
113,26,9
14,47,4
84,82,2
105,26,1
21,57,1
102,13,6
84,58,4
71,47,1
29,87,2
104,17,3
71,62,3
89,103,3
55,52,3
36,10,24
16,78,4
97,4,2
15,95,4
91,72,3
43,14,1
12,56,2
16,48,1
8,97,5
102,30,3
10,45,1
11,92,5
39,17,1
7,77,2
7,71,2
116,43,5
53,33,2
17,81,1
6,49,1
91,73,2
99,20,2
115,43,1
17,68,4
28,60,1
89,74,1
65,39,6
85,48,3
11,68,3
69,38,1
69,21,1
13,65,5
68,60,3
56,47,4
78,47,1
19,82,1
14,80,6
25,63,1
23,8,1
91,50,5
14,48,3
78,52,5
116,110,3
34,28,3
115,108,2
59,57,5
107,4,1
37,17,1
31,106,3
111,50,2
16,76,4
38,11,2
40,14,2
105,23,2
31,95,7
67,88,2
50,49,9
64,65,2
94,49,1
90,11,1
48,29,1
27,111,2
91,16,6
37,12,7
30,33,3
18,98,3
38,19,1
108,19,5
12,69,4
99,6,2
32,28,22
66,31,2
9,56,1
38,45,3
79,25,2
109,36,6
49,30,1
7,67,1
51,36,3
14,40,7
62,55,2
96,55,3
121,48,1
15,94,3
120,26,13
121,25,6
46,93,1
55,43,2
83,71,3
34,94,2
112,55,2
110,56,4
64,16,1
103,28,1
58,45,3
77,35,1
101,5,2
21,94,2
30,89,2
92,30,2
79,32,2
120,45,2
31,29,26
34,31,3
21,89,3
66,48,1
105,19,5
16,96,4
102,11,7
36,41,2
65,66,7
54,52,7
57,53,6
109,16,7
16,79,8
79,55,2
81,45,1
19,101,5
36,31,5
84,12,1
101,62,4
80,46,2
13,73,5
108,13,3
46,43,3
23,63,2
90,42,1
18,88,5
65,41,1
19,102,2
111,29,5
35,47,1
55,58,4
108,12,2
63,9,2
7,99,3
103,16,5
85,11,2
61,57,14
35,34,3
8,98,2
75,26,3
37,11,12
36,36,2
71,22,2
57,38,1
35,54,1
13,5,13
103,23,2
99,32,2
104,6,3
26,82,1
12,71,2
48,45,4
8,27,3
9,39,3
33,34,4
90,12,3
104,57,1
68,84,4
37,39,3
105,83,1
78,74,4
46,29,2
63,116,1
107,60,3
14,51,3
100,78,2
52,51,6
71,93,4
106,58,1
56,88,1
113,62,5
59,49,2
37,40,6
67,12,1
8,95,8
115,67,4
34,90,3
112,52,8
94,107,2
93,105,4
71,19,3
112,58,6
99,87,1
120,71,1
53,50,6
91,109,1
55,54,8
51,44,3
96,23,3
18,87,4
69,105,5
57,58,8
40,100,1
16,98,5
16,87,5
13,99,3
74,114,2
77,32,1
80,116,1
84,28,3
78,91,1
111,31,9
81,79,2
83,72,3
120,56,1
29,95,3
64,63,7
110,19,5
88,50,4
64,99,2
82,4,1
29,115,3
57,51,6
55,55,11
75,38,1
78,106,3
59,43,2
59,56,14
86,33,2
94,85,11
47,48,6
9,93,7
114,48,12
31,31,5
70,57,3
10,95,3
33,29,9
72,29,1
70,13,2
117,26,3
77,22,2
55,46,5
7,12,6
12,90,6
37,9,6
65,16,2
58,57,5
121,31,2
80,13,2
57,82,8
81,72,6
71,64,6
37,100,3
6,71,4
60,40,2
37,70,3
73,76,4
96,68,2
67,106,1
47,108,3
68,86,2
9,95,3
16,92,9
55,41,4
62,76,2
32,95,2
31,34,2
81,76,4
32,105,1
80,63,1
9,91,1
62,40,3
122,73,3
88,45,2
64,91,1
13,89,7
118,31,2
114,56,6
29,33,11
42,98,1
6,9,48
17,57,3
52,41,1
78,70,5
14,83,5
20,100,12
16,59,2
56,36,4
93,50,5
79,61,1
18,101,3
25,98,2
67,42,1
49,14,3
4,35,1
114,9,2
107,14,3
91,11,4
60,55,3
13,91,5
18,67,1
38,14,4
110,31,2
95,10,4
98,10,1
13,103,4
6,46,1
55,37,3
6,13,2
37,46,3
34,7,2
60,61,7
58,58,8
90,43,1
88,65,1
100,24,2
91,58,1
112,75,6
108,75,1
28,106,3
77,24,1
102,21,4
109,83,2
99,86,2
34,116,1
45,63,3
76,64,4
56,53,9
77,18,2
118,25,2
114,57,3
80,50,5
98,91,2
17,100,2
72,30,1
25,93,3
36,104,1
100,27,1
84,69,2
59,83,2
51,48,4
16,86,12
35,12,43
91,66,1
17,59,4
59,47,4
66,47,1
46,109,3
98,29,1
56,40,2
83,41,4
96,71,2
29,80,1
73,78,4
96,77,2
50,101,3
63,65,4
109,26,2
84,79,2
46,95,1
61,98,2
85,56,1
63,48,3
32,7,2
47,47,8
33,110,1
15,102,2
97,17,2
13,46,3
93,65,2
78,77,1
9,4,18
86,73,5
55,105,3
121,60,1
79,80,3
40,96,5
27,102,5
89,85,5
19,83,2
78,27,4
33,84,1
115,38,3
78,69,2
119,9,1
30,111,2
63,70,7
47,56,1
18,112,2
88,48,3
106,13,2
106,55,3
104,24,2
110,23,7
117,30,4
66,9,3
54,45,4
121,35,1
111,21,7
99,11,5
38,51,2
39,49,4
47,45,3
18,50,1
22,82,3
43,44,4
15,51,1
53,48,6
39,71,3
37,37,4
56,59,2
50,48,4
37,32,5
52,39,3
16,56,1
9,17,2
14,73,6
15,75,8
37,103,2
106,54,1
39,50,3
13,6,10
16,70,2
58,69,3
15,70,2
10,16,9
113,29,8
49,62,3
79,45,2
31,32,11
52,50,8
20,46,1
10,56,1
10,40,2
17,66,3
54,9,3
9,18,4
8,17,1
12,63,3
33,56,1
34,36,4
17,54,1
13,45,3
19,63,7
18,46,1
9,19,1
11,39,7
18,9,6
26,8,9
24,8,3
38,12,8
103,14,2
108,9,2
121,26,3
62,72,4
96,12,2
52,93,4
103,13,1
27,61,1
8,13,2
50,56,1
113,28,9
109,20,6
52,13,1
14,98,2
82,10,2
108,38,2
57,11,1
53,15,4
103,7,7
101,10,1
42,54,5
76,73,5
42,53,2
14,50,1
19,41,1
94,29,6
42,69,3
112,21,2
42,56,3
7,94,3
36,24,1
116,22,1
67,100,2
115,36,5
77,62,4
41,54,4
110,40,5
11,43,2
47,46,7
66,74,1
40,31,2
30,107,3
35,105,2
48,97,1
100,54,2
27,109,4
76,69,2
112,37,5
78,67,1
113,75,3
65,11,3
62,58,16
89,83,4
87,74,4
39,13,5
51,50,7
83,67,1
112,51,5
76,60,4
111,22,5
111,64,7
78,12,2
91,71,1
88,71,3
15,46,2
18,107,2
14,101,1
20,103,2
76,57,2
54,49,4
112,56,4
59,60,3
54,11,7
80,44,1
11,45,1
6,11,20
44,58,3
13,79,7
43,58,4
37,27,2
18,71,1
51,47,4
59,98,1
65,93,4
101,15,3
104,53,4
85,89,2
84,101,1
110,60,4
106,67,1
84,10,1
109,29,3
99,10,5
17,60,1
72,39,1
58,61,8
15,100,5
46,66,3
110,78,1
8,96,1
51,45,5
99,14,1
52,52,2
92,50,5
59,68,2
47,87,4
109,77,3
114,38,5
96,99,1
115,91,1
88,40,5
117,93,1
111,23,5
5,8,43
110,24,6
97,50,2
85,92,1
117,102,3
112,105,1
113,32,5
57,52,4
98,20,1
79,75,1
84,71,6
98,24,1
19,71,2
62,57,6
60,62,2
58,59,8
55,56,10
63,72,4
62,61,7
75,57,4
71,61,7
122,49,2
58,51,6
97,30,2
40,109,1
37,102,2
74,65,7
37,112,1
46,52,3
41,42,2
48,98,1
55,50,6
18,52,1
92,28,3
43,45,5
18,94,2
77,41,4
55,71,2
78,55,2
81,29,3
122,34,2
26,104,7
39,101,2
90,49,2
94,82,2
116,64,1
33,106,2
14,96,3
16,104,3
114,28,3
47,115,1
84,60,1
105,54,5
123,41,1
19,74,1
64,69,3
68,65,5
58,54,9
66,59,8
59,61,9
33,92,3
47,101,2
83,27,1
75,54,1
62,68,4
103,20,1
87,107,1
35,98,3
15,98,4
71,41,2
112,28,4
102,29,3
71,76,2
85,107,4
96,76,1
74,25,1
86,30,2
65,59,12
114,54,2
102,28,1
115,40,7
74,112,1
92,106,2
114,34,9
33,30,9
35,99,5
81,48,2
54,54,5
105,7,5
98,54,2
99,24,2
114,47,10
30,109,2
85,53,7
81,49,1
110,25,4
99,57,1
96,13,2
89,48,4
107,18,4
116,25,2
58,56,5
70,18,3
115,68,2
116,100,2
33,28,6
109,18,5
103,15,6
77,73,1
54,87,2
103,58,1
86,83,3
57,69,4
71,91,1
54,63,3
74,64,9
105,59,1
86,86,3
111,78,1
67,78,3
50,55,1
105,13,6
58,106,3
89,22,1
73,51,2
58,11,2
87,81,2
107,107,2
16,75,6
76,68,3
101,29,4
87,28,2
49,50,5
74,102,3
71,57,5
65,107,2
66,107,2
86,80,5
91,62,2
109,19,3
15,74,2
57,44,2
38,79,1
24,37,1
23,33,7
106,34,8
111,33,4
106,16,6
113,34,5
108,18,4
108,16,5
64,9,4
53,49,6
97,51,1
56,51,6
77,12,2
13,83,6
31,110,2
13,81,5
9,94,8
19,92,1
20,96,4
29,63,3
32,45,3
14,42,1
64,62,11
34,69,2
9,40,3
20,34,9
66,62,5
41,43,3
69,36,2
86,19,5
69,11,1
114,55,1
113,30,2
104,34,2
108,20,4
108,11,4
65,60,9
42,42,5
63,39,5
31,30,15
48,9,1
93,60,1
116,107,4
22,98,2
15,76,5
64,68,2
27,114,2
100,12,3
74,10,1
116,30,5
113,21,2
68,61,6
43,89,2
7,93,6
94,60,3
20,9,8
119,111,1
56,83,5
32,37,2
69,37,3
19,35,1
118,108,7
17,7,1
76,46,1
49,87,2
13,60,4
116,86,1
63,108,3
111,17,1
60,80,2
114,25,1
112,89,3
21,65,2
91,85,4
89,108,1
64,75,1
79,38,1
49,93,3
98,79,1
60,102,3
83,104,3
56,70,4
78,30,2
33,36,3
74,108,1
55,53,12
40,53,3
110,82,1
114,86,3
99,105,2
73,75,3
44,47,4
60,59,5
57,92,3
19,91,2
42,15,2
29,7,6
103,9,4
63,82,1
14,104,1
79,27,2
50,46,1
115,24,2
62,74,2
41,72,2
51,69,2
80,26,6
12,5,21
49,33,3
14,100,2
16,81,2
46,65,3
59,41,3
73,57,2
76,67,4
94,14,1
85,71,4
22,104,6
49,29,1
82,24,1
113,25,3
112,32,4
95,40,1
91,39,4
68,76,3
14,82,4
62,99,1
22,92,1
118,35,2
79,46,1
113,35,5
78,80,1
42,44,3
30,3,1
107,64,1
110,79,1
32,3,1
83,84,4
57,81,1
119,34,1
84,32,1
38,106,3
73,110,1
115,56,2
84,78,3
33,5,1
12,91,7
115,44,5
13,66,3
74,26,3
40,52,4
78,61,3
40,45,2
37,10,7
41,53,5
83,20,2
43,54,1
37,49,2
39,52,2
42,57,1
104,25,6
29,66,2
46,63,3
101,18,1
62,38,4
9,65,2
118,57,1
82,26,2
27,71,1
118,62,1
8,65,1
119,14,1
49,49,10
106,14,3
6,61,2
45,57,1
8,72,1
118,21,1
21,98,4
116,21,2
119,47,1
39,38,4
113,38,4
39,42,3
116,56,1
8,108,2
67,60,6
82,85,3
106,15,4
36,101,7
30,42,2
7,88,1
82,6,1
87,22,2
27,116,2
44,46,5
105,6,2
9,77,2
38,50,2
45,106,5
41,7,2
48,52,4
18,93,5
6,50,1
111,60,4
113,19,1
44,43,4
33,47,1
31,3,1
110,107,1
118,32,2
106,44,1
41,49,2
122,47,1
75,114,1
42,41,2
72,87,1
121,64,1
108,76,1
44,12,3
33,32,3
61,59,3
110,106,2
27,70,1
121,56,1
109,24,3
110,15,3
111,56,2
35,70,3
118,95,1
16,72,3
51,67,2
76,38,1
14,79,5
16,66,3
114,41,6
96,93,1
67,109,1
56,108,2
80,104,3
95,85,14
92,86,2
50,45,1
93,88,16
38,102,2
111,81,1
50,50,8
97,79,1
86,78,3
83,78,1
55,98,2
116,74,2
71,10,3
75,69,2
64,106,2
82,90,2
92,81,1
90,79,1
91,86,4
81,87,1
39,40,5
53,82,1
82,68,4
88,49,3
70,64,6
107,56,1
82,71,3
98,87,2
119,31,5
47,55,1
45,32,8
35,32,3
52,97,1
79,24,1
61,76,2
21,38,1
43,30,1
55,69,2
39,31,2
73,68,2
79,71,4
16,91,5
38,47,10
64,66,2
60,106,2
65,14,1
29,88,2
35,35,2
89,78,5
15,6,2
100,14,2
96,21,4
31,96,3
34,39,1
81,71,5
65,17,1
44,38,1
15,38,8
89,81,3
101,91,1
102,91,1
107,15,3
115,30,2
105,57,2
12,64,3
56,42,3
64,11,4
58,12,3
64,77,1
51,106,3
67,14,1
14,43,2
20,39,1
60,38,2
83,83,2
104,95,2
97,94,2
17,94,7
22,106,3
15,86,5
67,76,4
71,20,5
41,55,1
32,34,4
85,78,4
17,65,1
122,21,2
103,12,2
119,26,7
33,101,1
82,28,1
98,37,2
63,63,3
96,49,3
115,31,1
95,13,3
80,27,3
89,18,4
112,27,6
83,46,3
67,77,6
73,65,5
117,94,2
106,24,2
97,52,2
82,82,1
7,107,1
83,32,6
17,52,3
12,86,4
113,46,11
46,97,1
14,39,6
12,81,3
97,21,3
77,96,1
105,16,4
108,22,3
105,15,1
111,35,5
16,60,2
36,35,4
101,13,5
12,62,1
35,103,1
20,90,8
56,57,10
47,114,1
60,103,3
77,80,2
75,18,2
92,102,1
55,39,1
57,55,13
76,74,2
91,70,1
60,44,2
81,90,2
50,97,2
79,53,3
74,55,2
104,85,2
87,103,2
39,103,1
14,84,4
17,79,4
34,103,1
64,95,3
89,56,1
102,25,2
87,92,1
84,89,4
16,118,1
42,114,1
66,93,2
72,108,1
104,33,7
64,109,3
62,103,2
63,73,4
100,68,3
88,102,3
15,91,5
44,75,2
62,9,2
114,51,4
50,10,3
49,10,3
52,47,3
45,52,4
50,12,4
113,50,3
47,107,5
83,70,3
45,9,1
36,9,15
119,109,2
97,31,1
86,8,1
88,52,3
119,32,2
66,8,2
59,23,1
104,7,5
95,83,4
85,55,5
38,9,4
14,87,2
14,99,3
46,44,4
50,11,2
13,94,2
49,57,2
65,45,2
43,42,1
71,58,1
36,53,3
31,92,3
20,64,2
63,60,7
66,11,1
49,31,2
57,9,4
110,27,2
59,11,2
66,60,11
67,38,2
17,39,1
16,58,3
52,11,5
36,32,4
22,95,3
64,102,2
62,97,1
46,73,2
83,45,3
49,12,5
66,77,5
34,35,7
62,70,1
28,91,5
110,62,1
65,100,1
68,101,2
96,54,2
121,28,4
51,12,3
25,35,1
32,32,3
17,74,6
114,52,6
25,90,4
16,73,3
114,42,10
23,107,1
16,99,6
108,63,2
49,107,1
116,70,1
29,109,6
57,109,1
113,45,7
53,106,1
69,74,1
114,64,2
15,83,7
16,80,6
76,72,1
49,72,1
9,16,6
119,30,2
6,92,1
25,92,2
72,94,3
78,95,1
84,73,5
53,34,3
70,11,1
43,10,1
55,57,10
115,45,1
121,65,2
110,80,3
44,13,3
83,99,3
88,103,1
113,102,2
84,104,4
88,44,1
69,33,1
99,52,1
84,96,2
106,77,1
85,102,5
97,19,4
92,49,2
46,108,4
110,65,1
56,16,1
91,103,1
122,90,1
86,103,10
81,101,1
17,88,5
24,96,2
26,108,6
82,51,4
66,19,1
102,56,1
78,100,1
89,105,1
104,96,1
94,62,1
83,106,3
108,14,3
44,61,3
82,32,3
71,21,4
91,81,5
68,88,1
51,107,3
112,79,1
105,64,1
87,102,1
63,61,10
82,86,3
85,75,2
69,100,1
90,109,1
95,97,1
77,70,3
30,100,2
95,74,2
86,107,12
92,94,1
62,105,5
93,93,1
108,55,3
15,81,8
50,87,1
107,109,2
112,36,8
78,71,5
74,106,2
99,62,1
114,67,5
115,99,1
54,35,5
58,38,1
76,29,5
77,69,4
37,99,1
115,65,2
80,101,1
106,43,1
117,70,1
89,38,1
100,72,2
104,86,1
52,89,2
100,55,1
122,95,3
114,35,5
22,96,2
105,107,1
104,12,5
115,39,4
45,76,1
74,62,3
83,43,2
43,83,2
84,42,2
83,42,2
38,43,1
48,87,1
114,46,2
85,42,2
73,72,2
67,30,1
81,22,1
49,64,3
103,17,1
99,44,1
55,104,1
59,39,2
51,52,7
54,50,4
59,51,2
114,30,4
96,88,3
70,63,8
59,55,3
95,87,57
105,89,2
38,105,2
119,99,1
120,28,4
120,29,5
50,107,4
108,107,1
24,94,1
25,106,1
5,97,1
112,49,3
104,108,1
113,48,7
113,107,1
21,102,4
118,40,2
57,105,2
113,106,1
15,90,3
13,85,8
21,105,2
79,103,5
91,28,2
97,113,1
114,91,1
88,11,2
77,25,3
100,13,2
89,102,2
85,82,2
71,11,1
19,89,3
75,67,4
7,95,5
65,76,2
87,86,2
115,105,3
13,88,6
65,12,1
111,51,3
86,76,4
119,95,1
15,92,5
18,102,4
15,78,6
17,95,6
108,17,1
40,38,3
93,15,5
93,14,4
113,42,6
98,13,3
108,21,5
119,27,1
32,30,7
16,100,5
17,64,2
34,34,2
11,104,1
52,107,2
110,22,3
110,21,4
13,50,1
72,13,1
56,54,11
45,83,2
88,59,1
58,55,11
31,59,1
19,9,6
24,7,3
39,22,2
40,99,4
16,101,5
22,90,2
65,62,6
79,65,2
42,39,4
31,38,1
13,53,2
16,82,3
13,70,3
19,94,1
72,56,4
52,48,4
12,41,4
20,98,2
115,35,5
34,38,2
75,25,2
22,99,1
84,57,6
52,66,2
49,47,6
51,51,10
86,41,3
78,60,5
123,106,1
113,104,2
93,10,3
15,99,2
42,82,1
116,92,1
116,106,2
111,98,1
108,39,3
91,21,2
79,107,1
97,92,1
118,91,1
72,97,6
18,92,2
14,75,7
13,71,2
42,10,3
71,97,3
17,87,10
7,100,2
15,9,3
42,13,2
17,86,5
15,80,6
56,66,1
11,52,1
24,90,3
104,11,2
77,10,3
9,59,1
117,109,6
68,18,1
54,55,12
20,97,3
55,10,5
11,66,1
36,103,2
19,105,1
106,23,3
81,73,4
71,66,2
112,64,1
100,107,1
112,82,2
18,100,6
14,94,7
73,40,6
90,83,4
101,60,4
94,87,26
20,101,9
111,32,2
84,45,4
90,104,1
95,84,8
112,67,3
89,13,3
63,11,4
94,12,1
15,97,3
80,68,3
80,73,1
34,105,1
84,80,3
71,105,1
109,94,1
113,59,1
112,68,2
115,88,1
76,26,2
30,88,3
115,33,6
76,70,3
58,10,1
13,72,4
85,54,5
50,105,2
90,86,5
90,106,1
16,107,1
57,54,11
73,11,3
53,29,2
62,59,7
102,93,1
54,71,2
41,44,2
38,49,6
53,107,3
96,51,2
62,77,4
81,92,1
104,94,1
108,23,3
111,38,4
58,68,2
114,32,5
69,97,2
52,53,3
17,99,1
72,60,4
78,40,1
51,57,4
30,32,10
103,11,3
88,32,1
58,70,1
53,51,6
104,23,2
66,96,1
6,95,1
24,45,4
59,107,4
82,56,1
47,73,1
45,41,1
102,14,5
115,26,2
75,66,4
7,60,1
33,108,3
81,37,3
61,74,1
102,95,1
103,99,2
33,33,4
11,67,2
36,33,5
28,103,7
28,107,2
113,78,1
64,108,5
114,84,1
81,51,3
109,64,2
116,26,4
40,71,1
91,87,9
40,60,2
41,35,1
106,19,3
95,22,1
109,28,2
67,62,7
32,97,3
90,39,2
110,41,6
13,90,10
31,66,4
88,89,2
59,99,1
75,65,6
44,44,5
82,44,3
65,89,1
50,37,2
14,53,4
15,103,2
82,13,1
74,87,2
73,30,1
80,45,4
101,11,2
91,10,3
120,70,1
44,81,4
50,100,1
50,111,1
118,26,5
27,118,1
83,26,2
43,116,1
86,91,1
51,115,1
59,58,8
75,41,2
53,112,1
96,52,5
85,43,3
65,49,1
111,79,1
30,63,2
58,100,1
35,109,1
77,68,3
95,48,3
16,83,5
75,80,1
74,56,3
41,32,2
14,54,2
39,14,3
75,75,2
83,79,3
69,82,1
105,85,1
94,73,2
72,85,2
119,83,1
79,58,5
47,71,1
31,93,3
26,92,3
15,69,3
69,57,2
104,21,4
79,62,2
99,9,6
44,59,5
47,36,1
50,36,1
44,93,1
65,63,5
32,44,1
73,104,2
48,69,1
43,57,3
44,40,2
23,46,2
25,94,2
80,66,3
112,103,1
96,85,34
101,83,13
115,29,1
113,103,1
104,89,2
24,97,3
99,85,1
20,99,4
18,75,1
17,76,3
40,89,2
18,97,2
24,107,2
114,103,2
93,77,1
106,21,1
121,22,1
27,46,1
112,45,3
40,44,2
31,49,2
13,56,1
32,24,8
38,46,2
57,50,3
64,44,1
69,62,9
14,46,5
36,46,3
16,51,2
13,78,2
12,89,6
71,44,2
36,42,2
17,47,2
115,74,1
11,72,3
29,89,3
15,73,2
33,105,2
48,108,2
96,79,2
46,46,6
109,15,2
41,59,1
80,11,2
34,33,6
70,34,2
89,21,1
26,93,1
56,55,11
20,88,6
55,59,2
55,51,7
36,30,5
15,4,3
113,33,7
103,30,3
20,66,1
67,37,3
95,12,3
39,90,4
96,14,3
12,104,1
13,76,6
97,23,2
45,17,1
26,38,1
67,59,5
107,13,2
67,64,6
28,33,6
13,84,8
12,72,2
111,41,4
17,61,4
98,31,2
39,41,3
18,62,3
113,44,3
30,7,9
36,45,1
14,77,7
93,30,7
111,44,4
12,49,2
99,28,1
26,106,1
101,23,3
98,9,2
59,13,3
117,42,4
70,12,2
75,62,2
96,48,1
38,107,1
98,94,2
80,12,1
68,9,3
82,50,2
28,35,1
33,31,4
25,87,2
75,29,2
57,48,6
50,88,1
58,98,1
17,98,4
37,54,1
12,79,1
68,71,3
17,85,4
71,70,1
9,68,1
60,14,4
58,4,2
104,16,3
12,84,1
74,9,5
11,96,5
60,115,1
35,38,2
111,40,3
31,114,2
56,6,1
28,40,1
34,108,5
42,107,3
46,55,1
43,115,1
48,70,1
119,50,5
120,66,1
103,31,2
115,21,2
7,101,1
35,108,2
23,71,1
45,96,1
52,96,1
116,23,1
25,111,1
121,18,2
111,113,2
115,106,1
28,69,2
7,75,1
104,13,4
47,102,2
77,64,3
109,7,1
62,62,5
20,95,2
35,96,1
114,49,4
88,107,1
118,99,1
70,104,2
62,43,2
90,41,1
44,45,8
116,101,2
39,72,1
42,89,2
93,16,2
69,10,1
84,46,1
117,96,1
102,7,1
15,82,3
50,53,2
41,40,5
93,37,1
12,40,4
10,75,2
16,93,4
73,83,1
57,17,1
54,36,1
16,7,1
19,49,2
16,95,5
69,67,2
109,22,2
56,12,2
51,32,4
14,49,2
43,93,2
15,88,5
69,52,1
76,62,1
107,31,1
53,16,1
33,90,4
24,47,1
35,90,1
10,92,5
51,68,4
40,98,1
40,35,1
102,90,1
100,87,1
82,46,1
106,76,1
75,92,4
78,22,1
44,39,2
87,23,1
101,55,2
84,55,6
84,102,2
61,41,1
12,73,4
47,66,6
73,93,1
106,73,1
69,102,2
23,64,2
11,99,1
40,40,4
87,82,2
84,54,8
119,75,2
66,98,3
101,7,4
97,15,3
33,38,1
70,106,2
48,34,2
69,98,1
71,75,3
96,72,2
76,21,1
13,40,3
99,8,4
27,91,2
13,87,5
17,93,4
75,13,2
93,7,1
61,22,2
78,18,1
12,92,2
43,46,1
13,58,1
47,37,3
63,8,2
39,44,2
52,40,3
18,37,1
41,33,2
61,66,3
102,16,4
37,42,3
13,57,5
13,43,3
25,37,1
17,9,5
106,37,1
90,14,1
108,28,3
64,84,2
79,83,2
53,105,2
66,75,3
46,40,1
99,22,1
74,111,1
86,11,2
116,29,8
65,101,3
112,38,5
60,70,2
83,103,4
109,31,2
18,64,2
22,107,3
99,53,2
80,86,3
77,79,1
37,35,5
92,101,1
83,98,1
45,74,2
116,35,3
109,42,3
65,102,2
92,64,1
95,49,3
52,56,5
84,93,1
37,33,2
40,11,1
105,8,5
14,107,1
65,74,1
51,85,2
67,99,3
78,59,3
63,59,14
75,106,2
18,65,2
44,11,4
48,47,5
43,40,1
92,21,2
64,8,3
27,44,1
25,95,3
48,30,2
50,42,1
44,56,1
12,105,1
38,40,1
100,37,1
54,69,4
65,9,1
68,10,2
74,11,2
78,28,1
59,67,3
77,84,1
113,14,1
101,86,2
73,64,4
90,77,2
21,104,2
16,49,1
55,42,4
81,103,3
76,63,1
95,81,3
54,33,1
116,71,1
54,70,5
77,109,1
107,86,1
107,17,2
93,29,2
75,56,2
56,56,7
114,108,2
89,77,2
109,39,1
117,92,2
81,83,2
14,97,5
103,83,1
114,92,1
120,107,2
47,52,3
61,56,5
76,59,1
69,22,2
92,84,1
12,97,3
60,56,7
61,14,2
54,90,3
71,16,2
37,34,2
60,43,2
32,31,6
45,47,2
45,62,2
62,67,4
74,19,2
17,89,3
60,42,1
77,40,2
64,67,6
55,11,3
11,97,1
53,41,2
120,54,1
33,45,4
50,51,3
68,40,3
21,81,2
30,108,3
16,74,1
63,62,5
84,37,1
75,42,4
109,17,2
26,94,3
110,42,4
14,64,5
10,91,3
18,61,1
95,60,1
24,103,2
89,97,1
123,95,1
91,38,1
54,47,1
75,28,4
102,57,1
115,76,7
76,47,3
99,91,2
117,100,1
29,57,2
16,39,1
14,44,3
36,28,3
64,15,1
55,20,1
15,39,3
26,36,1
51,56,4
17,62,2
16,102,5
22,93,1
16,89,5
30,65,2
8,40,1
101,37,2
90,28,1
15,106,1
22,105,2
80,64,2
11,42,2
84,51,2
123,84,2
15,66,4
12,70,2
55,13,1
58,105,2
119,29,4
64,10,4
95,14,1
56,91,4
23,89,5
59,46,1
108,36,2
18,59,1
99,48,2
116,36,2
38,35,2
68,83,1
91,49,3
45,44,1
40,39,5
101,38,2
66,80,1
85,49,2
43,41,3
51,38,2
60,83,4
87,53,2
65,82,2
49,45,3
56,58,5
60,58,5
54,41,2
61,96,1
89,75,3
61,71,4
69,76,2
113,66,2
100,106,1
100,86,2
35,104,4
83,105,2
91,108,1
80,10,5
84,76,4
73,49,3
113,41,6
109,103,2
84,70,2
17,106,1
102,33,2
99,12,5
97,86,4
113,69,1
107,61,1
98,49,2
19,70,2
74,67,2
105,55,3
93,70,1
79,57,3
113,68,1
14,90,5
45,59,1
60,85,1
68,63,6
64,96,3
64,105,1
79,101,1
81,80,2
93,107,1
70,35,3
97,45,1
89,104,1
97,85,45
53,68,1
69,101,1
82,76,3
55,108,1
38,39,2
61,63,6
73,66,4
86,77,1
64,83,2
68,8,2
6,12,1
35,100,2
82,91,1
77,104,6
14,67,1
66,76,2
111,68,4
77,103,2
49,56,2
79,106,1
104,90,1
114,43,10
87,104,2
70,100,2
14,86,3
29,92,3
33,89,2
45,99,3
41,37,1
41,45,4
17,36,2
28,102,1
110,34,3
79,68,2
75,68,4
94,79,3
61,39,2
64,94,1
112,25,3
81,69,4
76,75,2
96,81,3
53,36,5
105,14,1
111,36,4
108,25,3
93,71,1
44,73,2
48,99,2
109,21,4
109,25,4
96,84,11
61,37,2
116,40,3
115,25,3
83,69,1
51,54,4
92,78,1
70,31,2
80,72,3
85,47,1
54,57,4
53,10,5
83,21,2
99,50,3
81,30,5
81,77,3
72,57,4
58,108,3
80,52,6
79,76,2
72,59,2
36,7,2
91,7,2
58,48,4
93,68,1
115,54,1
84,43,2
102,8,1
79,10,3
17,83,3
38,63,1
54,10,6
39,33,1
13,109,1
38,34,3
50,68,5
6,89,4
40,34,2
13,63,5
77,11,3
35,7,3
52,37,2
113,53,6
18,103,2
16,65,1
74,12,1
108,48,1
53,40,2
13,68,3
107,54,2
6,99,2
14,60,4
10,46,1
39,78,1
103,59,4
70,85,1
45,56,1
96,86,67
16,9,9
53,89,1
120,62,1
50,33,2
75,20,2
113,23,6
112,54,1
92,87,7
39,37,5
50,52,6
111,53,4
20,63,2
97,38,1
66,83,1
56,93,1
91,68,4
96,28,2
95,91,1
27,7,4
79,102,2
98,86,2
71,104,3
74,103,2
77,108,1
49,94,1
58,103,2
75,105,2
96,109,4
93,79,3
104,63,1
56,98,2
75,103,3
93,87,10
106,17,2
41,77,2
87,20,2
16,62,2
13,77,1
52,49,5
19,88,9
35,36,5
96,24,1
110,28,2
35,29,1
15,45,1
84,30,6
14,74,7
42,59,2
50,24,2
38,10,5
53,78,3
14,57,3
15,57,1
111,24,3
112,33,3
113,43,8
19,97,3
40,29,2
15,61,4
57,8,2
54,29,1
113,31,5
77,31,1
76,31,1
65,10,5
40,32,3
41,69,1
85,37,2
62,39,3
8,94,4
17,92,2
114,33,2
17,101,3
110,46,5
48,49,3
105,18,5
34,88,1
15,87,6
12,102,1
99,23,3
73,12,3
54,56,4
71,102,2
94,50,4
95,93,1
31,69,2
39,47,2
74,113,1
54,76,1
73,105,3
49,63,2
50,47,5
42,55,2
32,5,1
63,68,2
46,47,3
38,29,1
35,26,4
55,18,2
29,6,1
111,18,5
98,19,3
23,5,1
35,31,1
46,48,4
64,7,1
119,112,3
8,71,2
43,15,1
11,53,1
68,32,2
78,43,1
57,37,2
50,43,3
17,90,2
11,95,1
14,68,4
61,5,5
64,55,1
7,96,1
49,36,3
40,13,1
69,60,5
9,47,1
97,80,2
38,44,4
21,103,1
41,13,2
43,106,1
44,51,2
92,63,1
81,89,2
39,16,2
105,10,3
81,31,1
54,27,1
21,63,4
35,30,1
52,92,1
29,96,1
53,52,7
26,90,3
25,116,1
54,84,2
48,31,3
20,106,1
68,105,1
78,108,1
69,63,5
14,76,6
22,87,1
67,103,4
92,108,1
13,96,3
30,92,1
72,28,1
13,59,2
70,38,4
96,16,2
68,34,3
47,21,1
57,18,2
60,37,2
39,105,3
105,32,1
42,109,5
88,106,1
17,82,3
62,24,2
83,57,2
105,11,2
47,112,1
96,7,1
57,91,1
111,43,3
30,34,3
17,80,3
10,58,1
52,99,2
70,107,1
49,92,1
82,21,3
76,90,1
32,111,2
60,60,4
44,60,1
85,9,2
109,33,5
79,67,5
36,47,1
50,9,3
54,89,4
104,74,2
109,46,5
61,60,9
38,36,1
72,93,1
109,37,5
89,89,1
30,36,1
12,42,4
113,82,1
67,16,1
71,100,1
67,93,2
45,46,3
104,75,1
95,89,1
93,83,3
42,36,1
65,18,2
74,73,1
76,27,3
31,33,3
103,102,1
98,102,1
80,23,2
92,85,5
107,106,1
10,73,1
90,29,2
88,80,3
72,58,2
73,92,3
87,30,3
108,88,1
77,57,2
91,67,1
92,58,1
43,56,3
117,47,1
37,51,1
82,33,2
118,83,1
82,74,8
90,96,1
110,90,1
82,47,4
39,51,2
116,91,1
77,67,3
94,91,1
99,106,1
103,74,2
117,87,1
118,47,2
73,103,3
92,105,1
111,83,2
110,83,1
58,41,1
88,41,3
111,66,3
44,80,1
95,110,2
98,11,2
82,88,2
110,84,1
19,62,1
35,79,1
31,61,1
39,36,2
76,78,3
44,31,1
6,93,2
38,38,1
107,21,1
13,61,2
90,84,4
25,8,5
112,23,4
111,25,4
61,40,3
82,89,2
113,79,2
85,73,3
112,78,1
74,54,1
13,75,3
112,80,1
111,46,4
74,76,1
115,82,1
12,96,2
95,38,4
43,55,4
70,6,1
24,64,1
36,34,1
114,53,7
54,62,1
80,49,1
88,19,1
63,12,1
63,49,2
12,67,3
19,87,1
68,58,3
46,50,2
54,15,1
72,17,1
117,111,1
8,16,3
10,15,1
94,28,3
117,29,4
48,106,2
52,109,2
38,97,1
65,106,2
71,52,1
91,104,1
29,107,4
80,22,2
43,60,1
76,18,1
73,22,1
53,55,3
71,40,3
49,54,1
48,65,3
57,36,4
65,8,1
48,95,1
72,61,5
49,65,3
98,50,1
72,104,3
76,39,1
52,57,2
68,62,9
55,63,3
40,15,1
13,98,3
18,110,2
99,43,1
45,15,1
36,97,3
78,21,1
62,94,3
74,13,3
103,24,2
54,106,1
87,79,3
76,25,1
80,76,4
122,24,2
72,79,2
35,97,2
41,110,1
71,14,1
63,92,1
85,77,2
101,56,3
103,94,1
33,6,1
114,29,4
82,34,3
111,48,4
45,105,1
68,82,1
44,98,1
54,94,2
47,95,1
29,34,2
75,64,5
80,92,2
12,65,1
38,98,3
8,50,1
89,82,1
84,84,3
103,92,2
39,11,1
11,61,1
59,71,4
70,75,3
104,54,5
64,80,1
88,87,1
48,43,3
34,29,3
82,70,2
63,57,2
8,77,2
12,51,2
45,77,1
113,39,4
27,96,1
77,28,1
70,76,4
69,58,3
86,48,2
109,104,1
87,29,1
64,39,1
46,106,1
112,39,6
57,10,1
44,105,4
22,40,1
113,56,2
45,58,1
79,11,1
36,39,3
66,65,4
27,36,1
14,91,5
14,93,2
37,79,1
70,44,2
48,66,1
52,46,1
77,20,1
39,10,1
71,46,1
76,10,1
74,49,1
62,10,2
65,48,4
60,67,3
47,9,2
9,21,1
115,42,5
112,71,2
88,76,1
19,81,1
84,111,2
99,7,3
109,74,2
106,82,1
51,83,2
90,71,1
84,83,1
68,78,6
64,49,1
48,71,1
93,17,1
62,56,3
83,51,7
70,65,7
90,82,1
67,13,4
109,14,2
72,22,2
108,5,1
47,54,1
122,53,1
45,60,2
42,38,1
94,34,1
96,15,2
72,63,3
45,67,2
39,35,1
39,26,1
48,94,2
103,6,1
87,42,1
98,21,1
98,27,1
97,5,2
33,111,1
54,34,2
20,92,2
73,41,3
45,45,2
56,52,6
23,93,3
63,13,3
78,73,4
103,105,1
24,109,2
116,41,3
120,109,2
62,64,2
101,47,1
14,89,2
110,97,1
89,87,2
25,109,3
52,38,3
31,37,2
111,61,4
90,73,1
115,22,1
111,70,1
112,70,1
63,67,2
115,104,1
113,87,1
68,36,2
69,65,6
54,44,4
118,76,2
59,104,2
113,73,2
89,106,2
106,11,3
50,61,3
36,100,1
69,75,1
49,101,3
95,80,2
82,94,2
31,68,1
93,64,4
85,104,13
90,105,1
43,79,1
46,56,1
115,84,1
102,104,1
107,19,6
60,93,2
115,83,1
98,109,1
115,78,1
113,99,2
49,100,1
120,85,1
73,28,2
112,81,1
116,105,1
44,77,2
17,97,6
89,40,2
94,19,2
40,82,1
78,41,4
21,97,3
59,12,1
95,21,2
36,91,3
71,27,1
82,43,3
94,9,2
28,6,2
18,68,1
10,49,1
93,8,1
85,41,5
106,12,4
46,32,1
45,10,2
44,33,1
100,22,2
76,17,2
102,4,1
78,26,2
67,39,4
93,11,1
70,58,7
33,96,3
100,8,1
42,40,3
8,18,1
60,108,3
104,18,2
110,45,2
87,16,1
82,30,5
11,46,1
65,26,1
67,19,1
61,9,1
79,23,1
75,78,1
50,30,2
118,54,1
42,106,3
48,11,2
33,97,1
69,61,3
97,29,2
66,32,3
47,49,1
117,41,2
82,37,1
50,103,1
21,90,1
122,22,2
28,99,1
49,105,2
48,104,2
80,42,1
108,41,3
94,11,2
104,14,2
110,17,3
6,96,2
20,50,1
29,37,2
107,20,3
106,4,1
106,18,5
29,90,2
107,16,1
40,61,2
65,7,1
37,7,1
55,28,1
89,39,2
110,20,5
67,28,1
37,45,3
35,33,1
41,18,1
16,5,2
17,77,4
15,85,2
105,33,3
105,21,2
44,68,1
82,55,1
110,70,1
48,68,3
110,77,5
83,47,1
110,30,2
112,101,1
11,40,1
86,54,1
110,35,1
102,32,1
115,102,1
77,71,1
70,79,4
112,104,1
39,61,1
20,87,2
11,87,1
88,82,2
91,98,2
82,42,6
19,100,5
80,90,1
87,45,1
91,82,4
43,74,2
107,24,4
31,39,1
50,35,2
63,104,3
39,60,1
4,28,1
9,15,1
14,10,1
88,39,1
53,70,2
41,27,3
44,17,1
47,29,3
15,44,2
89,20,2
118,30,1
118,50,2
58,107,3
75,107,1
17,105,1
22,89,2
60,45,2
4,27,1
9,90,1
10,59,1
41,113,1
41,34,2
71,56,4
24,115,1
41,8,1
32,54,1
41,60,1
118,109,1
70,40,3
47,65,5
9,43,1
53,43,3
13,41,2
95,20,3
88,64,1
13,55,2
117,107,2
96,42,2
107,46,3
73,63,6
98,63,2
55,48,2
55,47,3
27,99,2
18,74,1
107,11,2
76,30,1
31,90,1
53,46,1
118,28,1
61,62,4
61,107,1
59,19,1
92,39,1
66,10,1
111,58,2
42,19,1
81,9,1
53,71,2
89,12,3
58,8,2
84,20,3
62,73,1
37,31,1
40,77,2
67,11,2
73,58,3
31,85,1
50,109,2
10,39,2
49,106,3
104,37,1
8,103,1
7,97,3
105,28,1
103,38,2
115,49,1
10,42,1
58,50,3
73,54,1
83,31,1
59,38,2
41,9,2
96,18,3
65,108,3
62,25,1
16,16,1
63,25,2
105,20,1
60,22,1
68,28,1
81,39,3
6,91,1
68,37,1
76,41,3
97,54,4
66,16,1
59,21,2
78,54,1
93,21,1
62,23,1
61,25,1
55,70,2
121,32,4
67,26,1
74,61,8
33,7,1
9,97,2
85,33,2
81,28,3
92,19,2
51,41,2
79,44,1
81,41,2
87,41,5
61,47,3
93,20,2
77,21,1
48,33,3
75,63,1
25,33,1
116,33,3
99,19,1
47,34,1
74,42,2
45,16,3
33,68,4
81,38,4
97,90,3
87,17,1
63,40,2
69,8,2
51,53,5
38,41,1
33,37,1
42,22,1
59,59,8
45,14,3
105,34,4
34,37,3
49,34,3
109,48,1
95,79,2
80,103,2
87,84,2
51,49,5
47,69,1
102,108,1
102,23,2
95,105,2
26,105,4
15,77,5
97,57,2
34,100,2
82,20,2
84,29,1
80,84,2
95,50,1
38,101,1
47,33,3
78,98,1
99,51,1
39,100,2
89,99,1
34,106,2
101,110,1
101,57,2
100,102,1
32,88,1
38,70,1
42,45,2
115,64,2
67,102,1
59,22,2
107,36,1
38,37,1
112,63,3
19,66,3
79,42,2
84,77,1
82,78,2
53,47,1
98,57,1
83,56,6
79,81,2
54,53,5
52,54,5
77,105,3
111,63,3
57,61,3
50,54,2
93,89,14
85,52,3
88,78,2
70,92,1
110,108,1
101,105,1
119,108,1
109,106,1
102,86,1
97,22,3
114,17,1
43,105,2
73,23,1
111,27,3
43,43,2
75,21,1
43,9,1
47,13,1
99,29,1
63,66,2
104,32,2
27,117,2
79,14,1
114,44,3
91,83,4
95,99,1
114,81,1
102,107,1
117,95,1
92,74,3
115,75,4
115,93,2
97,96,1
105,12,3
87,44,3
60,48,1
114,77,10
97,98,1
84,88,1
51,84,1
12,87,2
110,88,1
122,107,1
115,107,2
115,95,1
86,40,1
4,33,2
7,34,1
33,94,2
101,26,2
12,47,3
6,33,1
111,20,4
81,11,2
51,42,1
36,38,2
5,34,1
25,102,5
34,96,1
15,42,1
38,104,1
39,97,1
66,67,1
26,61,1
20,93,1
12,75,2
66,81,1
63,71,3
12,77,3
12,83,3
31,80,1
61,70,2
45,43,2
103,10,2
14,81,4
36,26,1
37,20,1
73,56,3
63,55,1
50,58,5
90,10,2
28,81,1
15,54,1
114,40,3
16,84,3
19,99,8
30,94,4
42,58,2
79,28,4
112,20,2
97,10,1
42,74,2
102,24,2
80,28,3
44,62,2
116,103,1
92,29,2
97,25,3
115,98,1
59,69,2
6,90,1
15,71,3
77,58,6
25,62,3
71,37,3
104,15,2
81,21,3
75,19,1
42,60,1
31,82,2
74,109,1
40,17,1
43,98,2
55,60,1
38,28,1
37,28,3
33,35,1
18,8,1
24,89,2
78,53,5
9,41,1
38,30,1
68,15,1
61,34,1
121,27,4
103,53,2
35,91,1
92,91,1
112,22,4
21,41,2
53,66,2
13,93,3
35,106,1
92,52,1
58,101,1
101,58,1
91,65,1
94,63,4
90,13,1
74,22,1
64,64,1
73,29,2
36,40,2
71,24,1
51,59,1
47,105,2
74,23,2
64,33,1
66,39,3
47,32,4
54,12,3
67,105,2
18,106,1
15,84,2
99,21,2
39,43,2
56,92,1
98,62,2
103,107,1
48,107,2
101,108,1
106,107,1
72,102,1
92,113,1
69,99,3
101,93,1
94,83,2
9,92,1
76,105,1
62,107,1
28,115,2
63,54,2
103,21,2
30,57,2
12,54,1
50,110,2
7,30,1
17,102,3
11,44,1
8,24,2
8,38,1
41,109,2
73,19,3
109,35,1
15,65,3
62,54,1
59,8,2
27,6,2
62,93,2
65,75,1
18,6,1
114,23,2
116,47,4
65,68,3
31,104,1
114,68,1
40,104,1
84,9,1
81,106,3
113,88,1
95,61,1
55,9,3
84,68,1
77,102,2
65,97,2
58,49,2
61,12,1
38,78,3
39,19,1
55,107,3
81,86,1
55,89,1
20,37,1
58,104,1
101,69,1
39,104,1
41,94,1
92,67,4
41,96,3
112,40,5
83,13,3
64,40,3
41,41,1
115,32,4
14,102,2
61,11,1
45,29,2
40,41,2
81,25,1
36,70,2
63,95,1
76,71,1
41,62,2
79,100,1
114,65,1
75,102,5
113,24,4
72,75,2
65,95,2
89,17,1
7,13,2
79,104,1
42,11,2
108,34,3
17,111,1
14,45,1
68,19,2
7,31,1
121,71,1
109,53,2
94,90,1
26,91,1
17,116,1
104,8,1
95,73,1
80,81,1
111,105,1
60,100,2
116,60,1
76,15,1
60,49,1
23,95,3
9,70,2
41,39,2
74,60,2
105,108,1
81,43,1
33,40,1
12,82,2
30,76,1
116,108,1
86,27,2
96,53,2
55,93,1
78,39,1
90,20,2
48,10,2
46,11,1
41,11,2
61,55,5
47,72,1
70,46,1
28,117,1
84,44,1
14,88,2
100,11,2
45,11,1
60,71,1
74,68,6
99,80,1
109,93,1
81,67,3
65,83,1
42,105,1
70,110,1
65,90,2
62,89,2
59,91,1
96,66,2
111,93,1
82,96,1
59,76,1
77,81,3
122,64,1
114,88,1
44,54,1
16,64,3
78,101,1
49,104,2
123,80,3
72,101,1
114,26,4
66,95,2
118,75,1
52,98,1
63,83,3
115,48,1
108,77,2
74,36,1
66,55,1
40,47,2
10,96,8
117,31,1
83,49,1
99,13,1
94,20,3
60,9,3
54,60,1
33,59,1
76,61,1
96,50,3
101,41,1
79,39,3
13,95,2
16,97,6
100,77,1
85,88,1
98,74,2
93,82,3
36,102,3
103,39,1
22,88,1
107,75,2
81,91,1
91,105,1
14,52,2
121,49,1
73,35,1
62,104,1
82,72,2
7,74,1
50,86,3
83,75,2
83,95,2
107,92,1
46,64,2
51,70,3
66,40,2
82,77,1
28,47,1
93,94,1
19,68,1
61,78,1
18,73,2
6,87,3
92,61,1
33,49,1
59,70,1
15,93,4
122,18,1
104,60,1
34,46,3
107,81,1
56,11,3
7,54,1
9,42,1
101,97,1
25,7,2
107,22,2
12,50,2
112,44,2
54,66,2
56,89,1
63,16,1
106,10,1
65,31,2
51,23,1
50,62,2
83,77,1
89,30,2
21,88,4
7,98,1
15,109,1
50,23,1
6,77,3
57,88,1
25,108,2
87,72,2
76,14,1
58,46,1
80,35,1
108,46,1
81,23,2
73,24,1
97,43,1
60,78,1
88,15,1
9,74,2
111,54,3
35,92,3
118,41,1
87,31,2
37,38,1
35,42,1
9,44,1
67,46,2
12,113,1
78,46,1
23,109,2
73,50,2
52,55,3
81,56,1
77,46,1
88,10,1
76,9,1
80,19,1
96,61,1
16,113,1
19,40,1
41,61,2
32,89,2
61,117,2
38,114,1
48,116,1
106,27,2
27,45,1
7,85,1
93,73,1
50,89,1
30,46,2
92,88,4
61,65,2
77,60,4
95,59,1
66,112,2
11,105,1
106,20,1
109,58,2
80,40,2
9,67,1
76,53,1
123,87,1
15,60,4
85,44,3
90,87,4
113,54,4
87,40,1
107,87,1
85,21,2
66,42,1
27,92,2
15,101,2
45,48,1
49,35,1
116,16,1
37,116,1
26,116,1
111,19,3
39,70,2
28,96,1
44,48,1
32,68,2
91,43,1
58,53,4
94,13,3
100,33,1
68,59,5
49,66,1
63,15,1
60,69,2
83,44,3
110,63,2
117,54,1
40,21,1
71,78,1
75,104,1
70,101,1
56,90,1
49,52,1
115,81,1
94,40,1
65,47,1
111,69,2
6,35,1
11,78,1
92,37,1
81,111,1
79,63,5
104,61,1
7,32,1
54,51,5
70,19,1
62,60,10
71,60,4
63,27,3
71,15,5
79,60,1
83,30,2
25,110,2
84,13,1
11,106,1
41,104,3
39,23,1
67,18,1
17,63,1
59,48,1
108,27,1
16,68,3
105,22,1
97,12,1
41,89,2
90,62,2
81,84,2
94,80,1
91,79,1
82,79,1
53,90,2
95,71,1
93,75,1
87,88,1
117,69,2
79,73,4
111,42,3
96,98,1
69,78,2
91,96,1
121,23,1
72,10,2
75,11,1
111,26,3
61,10,1
49,55,2
15,72,1
65,40,1
5,18,1
78,15,1
50,60,3
85,10,1
13,86,2
42,34,1
77,14,1
25,43,1
18,3,1
16,8,1
11,91,3
25,47,1
22,3,1
33,39,1
29,42,1
17,4,1
30,35,1
23,7,1
52,43,1
68,104,2
12,58,3
102,9,1
87,21,1
60,94,1
96,29,3
27,104,3
70,77,2
77,15,2
76,58,2
68,77,3
95,30,1
107,58,1
45,13,1
56,82,2
24,65,1
84,41,3
67,94,2
73,59,5
69,15,1
44,15,3
70,99,1
52,84,3
96,11,1
98,5,1
107,39,1
78,42,1
16,88,4
110,64,4
41,105,2
11,74,1
111,52,2
115,80,1
47,10,2
25,91,2
65,65,4
108,52,1
77,75,1
96,43,1
68,68,1
74,31,1
114,75,1
55,35,1
112,59,4
85,90,1
88,108,4
95,109,4
80,97,1
56,95,2
85,81,2
66,56,1
121,43,1
75,70,3
60,107,1
94,88,33
6,64,1
43,17,1
95,62,1
28,94,1
36,105,1
114,60,1
110,75,1
94,89,32
44,6,2
10,67,4
120,51,1
94,86,11
89,110,2
91,80,3
103,110,2
6,74,3
94,109,3
85,13,3
109,43,2
100,7,3
122,71,1
71,29,1
98,12,1
80,9,2
110,29,3
100,30,1
43,12,1
87,52,2
61,106,1
47,96,2
102,52,3
77,26,2
62,82,1
111,37,4
70,52,2
96,33,2
89,49,1
93,47,1
112,41,4
83,50,1
108,26,2
47,100,2
101,30,1
72,64,11
30,14,2
15,40,1
26,109,4
85,57,1
66,15,2
16,35,2
114,76,7
116,46,3
76,103,2
39,96,3
85,76,4
69,87,1
61,91,1
62,45,1
107,80,3
34,93,4
112,42,3
85,106,7
90,26,1
63,78,1
114,63,3
94,42,1
109,75,1
108,45,1
85,72,3
61,94,1
75,93,2
103,25,2
100,21,1
16,13,3
44,32,2
18,72,1
70,42,1
43,28,1
69,81,2
59,44,1
122,41,2
74,75,3
61,69,2
60,81,1
82,60,5
77,9,1
95,86,24
80,74,2
86,106,8
86,105,14
63,58,11
101,63,1
115,58,2
115,77,7
109,45,4
120,53,1
51,81,2
116,20,1
92,33,2
59,72,1
100,82,3
90,94,4
112,77,13
111,77,5
75,77,1
93,90,3
57,101,1
21,64,2
70,10,2
20,105,1
11,103,1
6,97,3
116,77,3
97,20,1
91,13,1
89,47,1
99,27,1
102,31,1
113,47,6
39,106,2
92,10,1
96,4,2
16,71,1
7,69,2
77,43,1
55,12,3
88,20,2
104,109,2
68,99,1
68,13,3
78,82,1
73,61,3
109,76,1
67,5,1
70,8,3
86,102,8
93,59,1
34,71,1
112,14,1
113,27,3
30,53,1
114,70,3
109,62,1
40,23,1
92,20,1
15,68,1
81,50,1
63,10,2
18,55,2
72,15,1
76,24,2
37,90,1
24,70,1
73,15,1
51,24,2
34,66,1
100,29,1
77,6,2
74,8,1
44,9,1
94,6,1
28,66,1
110,36,2
11,71,1
7,55,1
87,49,2
117,43,2
6,52,2
23,90,6
103,34,1
56,20,2
88,75,2
85,46,2
70,55,1
115,27,2
59,28,1
47,8,2
52,6,1
32,40,1
100,47,1
46,28,1
44,14,1
81,96,1
38,95,2
87,43,2
41,19,1
25,29,1
31,94,2
62,66,2
64,14,2
28,19,2
21,107,1
11,79,1
35,89,2
94,43,1
96,27,1
27,106,1
54,42,1
80,55,1
72,67,1
18,82,2
120,63,1
108,6,1
103,26,2
48,14,2
19,30,1
20,65,5
12,23,1
26,23,1
12,34,1
92,12,1
42,78,2
43,96,1
101,33,1
111,16,2
49,32,2
46,33,1
15,89,1
13,64,2
46,37,2
64,97,1
53,113,1
10,7,3
109,59,1
99,54,2
92,11,2
123,81,1
79,108,2
73,106,4
115,28,1
84,59,1
53,57,1
70,66,1
53,110,1
78,90,1
81,19,1
104,52,2
54,83,1
95,53,2
60,65,1
85,40,1
99,45,1
118,43,1
100,4,1
103,47,1
73,45,1
23,102,4
84,72,4
87,47,3
102,78,1
15,24,1
84,75,3
98,53,2
82,75,3
101,50,1
99,79,1
84,74,1
71,63,4
52,91,2
11,51,1
110,37,1
32,104,1
49,43,2
40,10,2
88,27,1
66,5,1
32,101,2
28,77,1
109,60,1
11,90,1
108,71,1
73,44,2
64,93,2
85,23,1
12,74,2
95,88,30
114,31,7
82,57,1
59,45,1
38,89,2
17,56,2
13,38,2
50,22,1
42,9,3
58,44,3
86,47,4
97,53,1
32,81,1
9,30,1
11,107,1
89,14,1
91,8,1
90,17,1
53,100,1
79,92,1
57,12,3
80,41,1
98,4,1
76,5,2
54,85,3
20,10,1
35,37,1
29,19,1
29,28,2
18,12,1
33,54,1
17,67,1
21,12,1
26,40,1
34,9,1
24,19,2
23,18,1
37,104,1
81,42,1
108,57,2
27,26,3
112,50,6
63,109,3
40,9,2
47,44,3
64,74,1
29,111,1
73,62,4
113,55,2
116,37,1
109,57,1
30,12,3
74,41,1
72,23,1
57,97,2
67,61,7
52,80,2
113,76,5
110,73,2
88,74,1
72,16,1
85,84,2
24,81,1
49,102,1
87,51,1
90,74,2
70,87,1
71,32,1
112,31,3
69,93,1
87,76,2
85,108,1
64,59,10
102,82,2
114,73,4
84,90,1
29,93,1
19,103,1
76,94,1
76,93,2
124,108,10
115,11,1
113,5,1
11,112,1
24,92,3
81,88,2
109,40,2
72,43,1
103,33,1
67,81,2
51,108,1
80,77,1
85,70,2
89,79,1
93,22,1
58,97,2
65,79,2
112,43,4
94,15,1
28,31,2
54,81,1
60,89,1
5,26,1
112,30,1
88,14,2
31,105,1
90,27,1
82,49,4
96,62,1
114,110,8
36,96,2
52,70,2
98,60,1
27,105,4
25,114,2
99,5,2
98,56,1
120,30,3
120,101,5
81,46,1
93,12,1
92,70,2
87,35,1
54,88,3
40,25,1
31,27,2
39,45,2
86,81,3
82,41,1
101,31,3
51,82,1
78,56,3
14,55,1
113,64,3
19,13,1
6,94,1
113,67,2
80,24,1
90,80,4
71,65,8
41,46,2
28,26,4
26,18,1
39,32,2
11,21,1
11,22,1
27,22,2
13,9,1
30,39,1
13,19,1
57,99,1
56,9,1
42,20,1
15,33,1
67,10,4
71,9,1
104,5,2
73,91,1
58,39,2
18,39,1
62,81,1
114,36,3
34,73,1
81,35,1
16,63,1
23,60,1
15,58,3
21,96,1
86,75,2
75,91,1
24,25,1
28,30,3
34,12,3
12,29,1
61,81,1
33,107,2
68,108,1
24,32,1
17,13,1
16,27,1
12,95,1
54,38,1
51,37,2
29,26,1
34,10,2
84,47,2
26,27,1
94,30,1
73,77,3
41,12,1
90,95,3
26,9,2
101,24,2
78,79,2
99,4,2
6,56,1
84,103,2
18,10,1
44,57,1
25,48,1
71,90,1
83,108,1
33,15,1
7,7,5
29,103,1
113,22,2
110,44,3
113,49,4
110,51,1
64,78,1
109,30,2
14,69,1
110,38,4
102,60,1
29,108,2
124,107,9
17,69,1
111,55,1
119,76,1
85,103,10
93,85,6
8,47,1
112,53,1
73,107,1
81,105,5
83,97,2
85,105,4
6,76,1
38,48,3
43,34,2
81,95,1
27,113,1
85,74,1
84,91,1
83,76,1
56,43,3
32,57,1
32,38,2
21,40,1
20,38,1
16,25,1
31,21,2
93,86,2
24,22,2
89,86,1
28,24,2
46,58,1
58,43,1
30,37,1
14,35,3
29,24,2
57,68,1
56,105,1
21,18,2
94,84,4
46,67,1
36,29,2
14,37,3
61,67,1
90,81,1
119,80,2
71,108,1
49,86,1
81,85,1
74,72,1
81,26,1
38,71,1
56,84,1
86,21,1
100,51,1
53,87,1
84,85,1
53,85,1
107,41,1
14,95,2
11,16,1
66,109,1
86,63,1
101,25,1
71,8,1
67,52,1
45,109,1
80,62,1
102,53,1
82,11,1
85,12,1
40,112,1
87,48,2
52,114,1
65,105,3
70,78,1
93,49,2
104,30,1
75,7,2
62,96,2
68,64,5
28,62,2
86,67,1
122,20,1
47,88,1
41,14,2
85,8,1
83,10,1
86,51,1
12,38,2
116,50,1
89,10,2
79,15,1
60,23,1
28,16,1
46,9,1
25,16,1
27,23,1
33,104,3
16,14,1
14,36,1
31,28,3
27,18,1
13,36,2
28,20,1
22,23,1
82,48,1
22,101,3
72,65,6
60,95,1
26,103,3
26,30,1
66,99,1
46,75,1
77,61,2
81,58,1
89,80,1
103,57,2
97,49,2
84,108,1
105,70,1
51,116,1
56,18,1
52,24,1
96,67,2
63,26,1
19,22,1
71,59,3
55,106,1
94,33,1
84,98,1
109,110,2
22,25,1
18,83,1
87,85,1
101,53,2
54,97,1
100,49,1
10,12,1
93,78,1
67,107,1
76,77,1
81,68,3
107,55,2
55,99,1
101,49,1
103,109,6
74,105,1
55,109,1
95,57,2
114,37,2
76,106,1
20,104,1
23,103,1
93,62,2
28,95,1
82,104,1
83,74,2
80,107,1
102,61,1
82,29,2
15,96,2
75,89,2
23,108,2
86,42,2
66,14,1
113,51,3
45,64,1
24,95,2
69,14,3
79,95,1
77,53,1
87,83,3
115,52,1
99,84,1
32,107,1
107,26,1
85,83,1
9,6,3
121,99,1
57,106,1
100,57,1
24,102,4
61,104,1
118,52,1
85,29,2
79,70,1
122,99,1
111,110,3
12,85,2
16,103,1
111,59,2
80,67,2
114,61,2
79,22,1
86,79,2
83,11,1
59,102,3
88,77,2
84,105,1
8,9,3
34,107,2
112,24,2
29,29,1
38,61,2
27,11,1
90,31,1
26,28,1
24,6,1
77,42,1
11,11,1
121,93,1
24,104,3
123,44,2
18,66,1
39,81,1
52,71,1
48,86,1
55,14,1
38,82,1
72,62,2
116,45,2
31,63,1
92,71,2
56,81,1
26,15,1
13,11,3
13,24,1
111,62,1
91,92,1
105,61,1
40,70,1
8,6,1
36,106,1
80,85,1
69,66,1
112,72,1
71,103,1
98,84,6
116,63,1
19,46,2
26,17,2
90,7,1
91,42,1
118,15,1
41,52,1
52,108,1
120,32,2
95,52,2
49,39,1
85,65,1
41,107,1
121,57,1
75,85,1
6,57,1
37,47,3
24,27,1
54,64,1
40,51,1
45,33,1
16,53,1
68,98,2
82,58,2
52,106,1
25,26,1
82,102,1
11,33,1
83,12,3
42,35,1
52,9,1
31,11,1
66,94,2
42,76,1
29,35,1
27,16,1
17,14,1
60,99,2
78,66,1
33,91,1
30,105,2
73,85,2
23,92,3
85,30,2
52,69,1
76,66,3
82,73,4
30,28,1
65,110,1
109,23,1
70,60,4
30,102,2
49,68,1
7,8,1
64,82,1
16,94,3
109,56,1
90,50,2
97,109,3
109,27,1
82,52,1
80,71,1
78,86,1
94,32,2
27,47,1
26,53,1
106,68,1
14,62,3
16,90,3
17,46,1
35,9,2
16,43,1
15,50,2
74,28,1
39,29,1
30,17,1
25,22,1
112,57,2
32,35,1
57,32,1
26,39,1
19,33,1
43,32,3
34,104,5
31,58,1
55,15,2
110,57,3
48,15,1
15,67,2
98,47,1
65,109,1
25,115,1
103,32,2
49,95,1
47,30,1
36,109,1
17,73,1
84,50,1
74,91,1
80,75,2
17,104,2
34,109,1
56,109,2
123,102,1
22,102,3
66,66,1
20,102,3
89,23,1
57,19,1
27,100,2
88,98,5
80,61,1
122,93,3
112,110,2
112,48,2
110,76,1
58,21,1
48,8,1
67,108,1
56,62,1
58,111,1
54,95,1
105,75,2
75,90,1
76,22,1
27,63,2
47,67,1
100,56,3
88,100,1
44,88,1
48,46,3
96,56,1
110,48,1
69,103,1
98,7,2
86,12,1
75,14,1
19,34,1
20,40,1
11,10,2
61,38,1
78,10,1
19,38,1
66,63,5
15,12,1
47,15,1
37,105,2
78,16,1
31,45,2
36,82,1
58,91,2
29,23,1
32,11,1
41,21,1
109,47,3
103,5,1
25,81,1
14,25,1
14,72,1
116,44,1
34,81,1
36,87,1
9,72,1
55,87,2
78,81,2
77,65,1
73,81,1
99,30,1
25,28,1
7,89,1
40,76,1
54,110,1
97,48,1
31,88,1
25,9,2
86,22,3
114,39,2
64,103,1
100,83,6
113,57,1
91,61,1
111,39,2
110,61,1
77,66,4
28,105,3
108,59,2
114,72,1
25,82,1
48,105,1
74,93,1
77,59,3
43,117,1
57,98,2
60,91,1
78,9,2
66,12,3
84,92,3
92,8,1
85,111,1
97,76,2
26,110,1
14,106,1
29,104,2
33,80,1
67,40,2
44,42,3
70,62,2
66,53,1
73,17,1
20,94,1
114,27,6
62,65,1
19,90,4
121,97,2
122,102,1
112,26,2
115,62,3
115,63,2
37,101,1
88,97,2
80,99,1
26,114,1
112,109,3
88,85,1
53,32,1
18,31,1
15,22,1
21,48,1
26,31,1
28,108,4
16,47,1
15,37,1
34,83,1
122,87,1
45,61,1
52,10,2
6,47,1
29,68,1
22,94,2
31,57,1
9,71,1
100,45,1
108,33,1
30,103,2
69,92,1
19,72,1
112,15,1
13,54,1
33,109,1
20,107,2
61,75,3
31,111,1
66,82,1
111,34,1
56,94,1
83,89,1
110,109,2
102,59,1
69,59,3
61,83,1
114,59,2
114,74,1
120,97,2
35,110,1
55,95,1
89,72,2
50,78,1
51,109,1
54,86,1
110,47,2
91,75,2
105,24,2
17,75,2
86,74,2
16,69,1
57,60,1
78,6,1
44,28,2
108,24,2
37,52,1
121,20,1
73,100,1
104,81,3
60,68,1
53,96,2
57,107,1
20,17,1
44,78,3
77,94,3
83,86,2
57,94,2
65,104,2
59,105,1
45,73,2
77,91,1
55,81,1
42,33,1
74,16,1
120,77,1
120,75,1
41,38,2
69,16,2
76,104,1
79,19,1
105,31,1
40,37,2
72,14,1
73,102,2
109,44,2
80,82,2
65,94,1
114,45,1
28,37,2
18,91,1
121,24,1
27,67,1
86,66,1
12,98,2
36,99,2
100,48,1
103,54,2
66,64,2
89,51,2
40,105,1
89,109,3
19,104,1
40,36,2
32,70,1
35,14,2
50,94,1
70,27,1
60,10,1
55,17,1
28,9,2
65,32,3
108,30,1
41,29,2
25,107,3
49,51,1
72,86,1
33,48,3
52,17,1
27,8,1
91,77,1
18,105,1
56,97,1
91,78,2
18,99,2
107,37,1
28,104,2
112,60,2
46,88,1
106,109,2
105,109,1
42,29,1
22,65,2
14,17,1
43,31,2
40,78,1
46,10,1
41,31,2
28,17,1
40,107,1
43,33,2
21,13,1
32,60,1
19,106,1
95,63,1
80,69,1
115,59,3
49,98,1
90,85,1
82,40,1
41,106,1
90,88,1
83,96,1
72,8,2
83,4,1
85,17,1
30,113,1
23,101,2
68,70,2
87,62,1
88,6,3
85,5,2
43,36,1
29,98,1
8,88,1
54,116,1
81,7,1
66,114,1
112,11,1
49,114,1
91,84,2
14,110,1
34,99,1
65,55,1
103,52,3
107,57,1
67,98,1
32,13,2
27,17,1
30,70,1
39,9,1
80,65,1
28,12,1
95,31,1
14,12,1
26,45,2
35,5,1
68,38,1
49,58,1
58,9,1
38,90,1
17,107,1
28,98,1
89,111,1
99,61,1
38,110,1
14,92,2
48,96,1
38,109,1
80,106,1
61,105,2
52,103,1
63,103,3
111,109,4
111,73,1
29,102,1
67,92,1
99,72,1
59,82,1
71,92,1
88,91,1
99,109,2
88,22,1
12,14,2
66,85,1
112,29,1
42,46,1
40,81,1
29,106,1
23,26,2
73,5,1
67,97,2
64,92,1
32,23,1
47,98,1
74,6,1
42,24,2
81,66,1
35,46,2
41,15,1
44,16,1
67,17,2
41,26,1
22,39,1
37,15,1
61,110,1
83,107,1
83,73,2
109,54,2
92,83,3
80,47,1
93,84,1
92,72,2
110,54,1
114,24,3
97,60,1
76,65,2
26,111,2
76,92,1
86,49,1
81,52,2
94,38,2
106,61,1
110,66,1
101,39,1
117,46,1
102,70,1
55,84,1
16,42,1
121,46,1
13,62,2
14,21,1
17,84,2
52,33,1
27,95,2
73,18,2
14,13,1
32,80,1
40,106,2
24,63,2
26,64,1
18,25,2
61,49,1
120,46,1
109,51,1
119,82,1
96,38,1
120,61,1
110,58,1
74,21,1
64,17,1
91,20,3
21,47,1
7,9,1
78,19,1
28,114,2
41,28,1
44,10,1
98,14,1
23,100,1
52,83,1
85,31,1
39,21,1
41,22,1
54,61,1
37,110,1
70,56,2
23,106,4
47,17,1
34,91,1
78,68,1
36,15,1
66,13,1
79,20,1
16,21,1
37,107,1
68,107,1
87,18,1
14,61,1
74,77,1
81,74,1
47,16,1
26,14,2
68,92,1
53,83,1
34,92,1
68,14,1
38,100,1
61,102,1
110,39,2
75,12,1
92,82,1
22,28,1
69,77,1
51,71,1
67,48,1
31,26,2
63,94,1
41,98,1
83,58,3
51,79,1
14,65,1
97,55,1
10,23,1
23,27,1
60,77,1
8,41,1
17,21,1
46,19,1
15,15,1
78,11,1
10,18,1
62,50,1
69,95,1
78,51,1
72,76,2
76,79,1
44,104,2
51,94,1
117,72,1
51,105,1
47,70,1
58,95,1
88,99,1
61,43,1
72,19,2
63,75,1
68,81,1
65,84,1
8,7,3
115,37,2
87,11,1
60,92,1
82,31,1
106,39,1
121,98,2
79,72,1
44,97,1
103,60,1
76,76,1
62,111,1
79,74,1
116,69,1
39,102,2
122,88,1
123,104,2
102,54,2
53,80,1
110,55,2
99,63,2
80,105,1
57,104,2
10,6,2
8,8,1
39,117,1
62,108,1
28,110,1
30,110,2
39,67,1
70,80,2
58,110,2
25,103,1
22,103,1
86,53,2
53,91,1
82,107,2
118,80,2
67,63,2
87,77,1
97,26,1
115,60,2
85,45,1
30,95,2
42,31,1
53,98,1
18,15,1
42,96,1
14,71,1
109,52,1
47,14,1
98,30,1
79,9,1
112,46,1
80,78,1
110,18,2
88,81,1
88,109,1
31,108,1
29,99,1
16,106,1
60,109,2
29,114,1
82,93,1
93,18,2
47,43,1
57,27,2
101,34,1
86,50,1
86,45,1
77,54,1
50,72,2
80,53,1
82,59,1
50,59,1
57,42,1
108,74,1
112,74,2
11,8,1
60,76,1
73,60,2
6,63,2
8,67,1
90,78,1
6,54,1
96,6,1
27,112,1
121,40,1
8,70,2
6,60,1
100,52,1
117,23,1
50,57,1
40,73,1
66,78,1
85,79,2
74,104,1
36,88,1
112,47,2
88,88,1
50,96,1
12,94,1
104,110,1
23,104,1
88,47,1
88,42,2
29,5,1
98,6,1
21,31,1
103,8,1
28,25,1
12,9,1
70,91,1
93,28,1
29,61,1
14,108,1
71,51,1
17,108,1
15,47,2
62,36,1
50,38,1
12,37,2
89,15,1
66,86,1
117,25,1
34,97,1
71,33,1
83,55,2
25,10,2
45,66,1
88,51,1
110,14,1
31,97,1
61,93,2
119,54,1
22,13,1
8,39,1
31,16,1
38,42,1
51,98,1
38,103,1
20,12,1
17,71,2
30,8,1
32,20,1
69,13,1
30,22,2
69,34,1
61,68,1
70,36,2
72,11,1
74,63,1
29,25,1
115,47,3
27,30,1
96,20,1
74,18,1
18,104,1
79,56,2
63,93,1
107,29,1
58,81,1
81,75,1
85,22,1
67,9,1
73,6,1
80,54,1
61,72,2
98,65,1
79,50,1
72,77,1
51,99,1
73,86,1
46,12,2
70,61,2
76,56,1
14,70,1
48,109,1
107,59,1
78,99,1
61,103,1
77,23,1
96,78,1
76,19,2
74,94,2
28,23,1
57,83,1
58,82,1
79,105,1
86,46,1
87,78,1
77,106,1
76,108,1
112,76,3
37,36,1
93,5,1
39,20,2
25,99,1
33,98,1
109,41,1
111,76,1
106,59,1
91,19,1
94,78,1
102,77,1
24,116,1
120,90,1
90,112,1
55,85,2
21,106,2
102,27,1
8,69,1
27,66,1
70,89,1
37,106,1
15,13,1
18,33,1
43,78,1
35,107,1
39,46,1
14,34,1
46,99,1
20,15,1
39,107,2
20,31,1
52,31,1
77,13,1
30,81,1
55,36,1
9,7,1
66,27,1
91,14,1
52,65,1
55,16,1
79,16,1
19,65,1
53,12,1
48,58,1
41,23,1
18,63,1
20,3,1
41,20,1
61,99,1
37,30,1
22,9,2
65,67,2
65,30,1
115,50,1
103,29,1
66,45,1
112,17,1
73,73,1
83,33,2
98,52,1
63,69,1
27,110,1
93,53,1
33,88,1
73,13,1
35,28,2
54,91,1
91,30,1
59,92,2
68,27,1
30,19,1
95,19,1
30,80,1
77,56,1
42,32,1
22,33,1
111,45,1
17,103,1
97,114,1
67,104,1
69,107,1
69,109,1
74,92,1
56,107,1
46,103,1
78,104,1
68,106,1
53,18,1
17,41,1
23,112,1
42,104,1
64,13,1
56,13,1
6,28,1
34,15,1
11,36,2
23,12,1
10,34,1
33,11,1
32,10,1
15,34,2
33,103,1
56,63,1
65,77,1
58,37,2
23,9,1
20,16,1
10,64,1
27,28,1
34,45,1
37,29,1
115,20,1
38,24,1
72,103,1
48,39,1
69,39,2
39,27,1
97,78,1
86,72,1
34,95,1
36,107,1
102,5,1
86,71,1
86,82,1
73,79,1
37,48,1
72,84,1
75,72,1
28,100,2
42,77,1
45,30,1
86,18,1
12,45,1
43,38,1
26,49,1
29,105,1
89,95,1
85,99,1
32,108,1
30,90,1
71,89,1
110,26,1
71,85,1
18,69,1
72,100,1
30,91,1
13,74,2
37,96,1
43,77,1
33,17,1
16,105,1
61,89,1
22,115,2
117,60,1
90,76,1
74,70,1
63,102,1
97,27,1
114,62,1
90,75,1
89,55,1
120,82,1
5,92,1
89,11,1
9,45,1
53,84,1
35,27,1
107,110,1
14,31,1
29,72,1
81,44,1
29,39,1
17,29,1
101,79,1
3,24,1
12,22,1
22,18,1
114,11,1
71,17,1
47,12,1
77,77,1
24,86,1
70,17,1
89,73,1
71,55,1
92,69,1
66,92,1
70,90,1
108,64,1
86,90,1
80,96,1
61,51,1
55,91,1
69,85,1
113,52,1
114,50,2
107,62,1
59,108,2
112,66,1
26,62,1
120,10,1
96,45,1
64,104,1
67,55,1
80,43,2
85,50,1
73,39,1
48,114,1
12,10,2
60,97,1
30,104,1
104,27,1
109,71,1
89,96,1
87,80,1
86,92,1
115,71,2
50,98,1
82,98,1
121,86,1
27,103,1
88,84,1
36,95,1
58,42,1
54,93,1
13,52,1
31,17,1
31,13,1
17,72,2
108,60,1
12,66,1
42,25,1
18,38,1
20,29,1
82,23,1
108,62,1
29,48,1
30,49,1
92,9,1
73,9,2
25,104,1
40,42,2
66,84,1
9,88,1
53,9,1
72,5,1
95,75,1
82,65,1
29,54,1
10,50,1
11,63,1
32,36,1
16,32,1
69,35,1
26,29,2
11,47,1
40,16,1
15,35,1
56,35,1
16,10,1
68,39,1
90,22,1
81,47,1
46,110,1
64,48,1
46,90,1
18,81,1
42,62,1
69,45,1
71,69,1
82,36,1
68,54,1
8,104,1
62,91,1
86,55,1
93,33,1
35,53,1
38,117,1
7,68,1
71,71,1
24,106,1
37,87,1
106,66,1
63,97,1
44,107,1
63,96,1
122,84,1
44,106,1
94,61,1
58,13,1
18,47,1
89,84,1
85,101,2
112,16,1
32,91,1
46,13,1
55,38,1
20,91,1
120,86,1
111,67,1
108,61,1
74,15,1
18,70,1
29,94,1
116,17,1
106,25,1
36,116,1
30,23,1
64,54,1
14,56,2
32,58,1
13,47,1
94,39,1
45,88,1
24,14,1
23,37,1
63,56,1
90,110,1
95,82,1
61,90,1
16,46,1
78,17,1
107,27,1
48,54,1
42,43,1
110,32,1
100,79,1
105,58,1
37,108,1
22,113,1
115,16,1
9,100,1
9,103,1
63,86,1
87,73,1
91,29,1
21,16,1
13,12,1
40,33,1
81,32,1
60,41,1
97,47,1
33,46,1
65,28,1
45,107,1
78,48,1
31,24,1
52,110,1
10,38,1
82,83,1
